,character,credit_id,poster_path,id,video,vote_count,adult,backdrop_path,genre_ids,original_language,original_title,popularity,title,vote_average,overview,release_date
0,Forrest Gump,52fe420ec3a36847f800074f,/clolk7rB5lAjs41SD0Vt6IXYLMm.jpg,13,False,19059,False,/7c9UVPPiTPltouxRVY6N9uugaVA.jpg,"[35, 18, 10749]",en,Forrest Gump,43.096,Forrest Gump,8.5,"A man with a low IQ has accomplished great things in his life and been present during significant historic events—in each case, far exceeding what anyone imagined he could do. But despite all he has achieved, his one true love eludes him.",1994-07-06
1,Paul Edgecomb,52fe424ac3a36847f8012bc7,/velWPhVMQeQKcxggNEU8YmIo52R.jpg,497,False,11093,False,/5Nz25DPXfQaSpDgce42Y3kFg9G4.jpg,"[80, 18, 14]",en,The Green Mile,30.824,The Green Mile,8.5,"A supernatural tale set on death row in a Southern prison, where gentle giant John Coffey possesses the mysterious power to heal people's ailments. When the cell block's head guard, Paul Edgecomb, recognizes Coffey's miraculous gift, he tries desperately to help stave off the condemned man's execution.",1999-12-10
2,Jim Lovell,52fe4253c3a36847f801595d,/oYUZHYMwNKnE1ef4WE5Hw2a9OAY.jpg,568,False,3702,False,/AfGp6Ev3BVdEd7L99kGQzOzsqRb.jpg,"[18, 36]",en,Apollo 13,17.536,Apollo 13,7.4,"The true story of technical troubles that scuttle the Apollo 13 lunar mission in 1970, risking the lives of astronaut Jim Lovell and his crew, with the failed journey turning into a thrilling saga of heroism. Drifting more than 200,000 miles from Earth, the astronauts work furiously with the ground crew to avert tragedy.",1995-06-30
3,Robert Langdon,52fe4259c3a36847f8017445,/6jexEWBXepwB1ZLpCEllI04Agrb.jpg,591,False,6579,False,/rbeXab3IISrxL7jVPjb7jZ4TdeE.jpg,"[53, 9648]",en,The Da Vinci Code,22.546,The Da Vinci Code,6.7,"A murder in Paris’ Louvre Museum and cryptic clues in some of Leonardo da Vinci’s most famous paintings lead to the discovery of a religious mystery. For 2,000 years a secret society closely guards information that — should it come to light — could rock the very foundations of Christianity.",2006-05-17
4,Viktor Navorski,52fe4259c3a36847f801762f,/vRYbjHs129MARMq1VDbnk9Jboen.jpg,594,False,5168,False,/zywtNiaZ9r7azrcNdl2j0jOgrkw.jpg,"[35, 18]",en,The Terminal,16.185,The Terminal,7.3,"Viktor Navorski is a man without a country; his plane took off just as a coup d'etat exploded in his homeland, leaving it in shambles, and now he's stranded at Kennedy Airport, where he's holding a passport that nobody recognizes. While quarantined in the transit lounge until authorities can figure out what to do with him, Viktor simply goes on living – and courts romance with a beautiful flight attendant.",2004-06-17
5,Captain John H. Miller,52fe4283c3a36847f8024aef,/JC8KQ2BXaAIFEU8zEuakiwUQSr.jpg,857,False,10865,False,/hjQp148VjWF4KjzhsD90OCMr11h.jpg,"[18, 36, 10752]",en,Saving Private Ryan,35.509,Saving Private Ryan,8.1,"As U.S. troops storm the beaches of Normandy, three brothers lie dead on the battlefield, with a fourth trapped behind enemy lines. Ranger captain John Miller and seven men are tasked with penetrating German-held territory and bringing the boy home.",1998-07-24
6,Sam Baldwin,52fe4283c3a36847f8024bd9,/iLWsLVrfkFvOXOG9PbUAYg7AK3E.jpg,858,False,1455,False,/q81a5Rjcms08sVWJrwXS2ACXVOI.jpg,"[35, 18, 10749]",en,Sleepless in Seattle,13.145,Sleepless in Seattle,6.7,"Desperate to find his dad Sam a date, a young boy calls into a radio show and catches the attention of Annie, a journalist who wants to meet Sam atop the Empire State Building.",1993-06-24
7,Woody (voice),52fe4284c3a36847f8024f95,/uXDfjJbdP4ijW5hWSBrPrlKpxab.jpg,862,False,13051,False,/lxD5ak7BOoinRNehOCA85CQ8ubr.jpg,"[16, 35, 10751]",en,Toy Story,67.744,Toy Story,7.9,"Led by Woody, Andy's toys live happily in his room until Andy's birthday brings Buzz Lightyear onto the scene. Afraid of losing his place in Andy's heart, Woody plots against Buzz. But when circumstances separate Buzz and Woody from their owner, the duo eventually learns to put aside their differences.",1995-10-30
8,Woody (voice),52fe433f9251416c7500915d,/4cpGytCB0eqvRks4FAlJoUJiFPG.jpg,10193,False,10739,False,/wE5JGzujfvDPMIfFjJyrhXFjZLc.jpg,"[16, 10751, 35]",en,Toy Story 3,52.159,Toy Story 3,7.8,"Woody, Buzz, and the rest of Andy's toys haven't been played with in years. With Andy about to go to college, the gang find themselves accidentally left at a nefarious day care center. The toys must band together to escape and return home to Andy.",2010-06-16
9,"Joshua ""Josh"" Baskin",52fe4349c3a36847f8048ac3,/nTY8Zmv7mpumDfzide6GSrekAgQ.jpg,2280,False,2358,False,/dGbBnTYxdHf1qyUgHsuFpxn1K4E.jpg,"[35, 18, 14, 10749, 10751]",en,Big,14.658,Big,7.1,When a young boy makes a wish at a carnival machine to be big—he wakes up the following morning to find that it has been granted and his body has grown older overnight. But he is still the same 13-year-old boy inside. Now he must learn how to cope with the unfamiliar world of grown-ups including getting a job and having his first romantic encounter with a woman.,1988-06-03
10,Joe Banks,52fe435dc3a36847f804ec5d,/dP1KjMbZEBLO76Sg4W5Klyol3jk.jpg,2565,False,311,False,/qZ8t05qidOjhSSsaByxxpu6CKOH.jpg,"[35, 10749]",en,Joe Versus the Volcano,11.982,Joe Versus the Volcano,5.6,"Hypochondriac Joe Banks finds out he has six months to live, quits his dead end job, musters the courage to ask his co-worker out on a date, and is then hired to jump into a volcano by a mysterious visitor.",1990-03-09
11,Allen Bauer,52fe4360c3a36847f804faaf,/7FutTsMWBwVhjk1Ujf1wtndUVZh.jpg,2619,False,822,False,/gTujuWCdnU17K5CBNMoX6dKhT38.jpg,"[35, 14, 10749]",en,Splash,14.316,Splash,6.2,"A successful businessman falls in love with the girl of his dreams. There's one big complication though; he's fallen hook, line and sinker for a mermaid.",1984-03-09
12,"Walter Fielding, Jr.",52fe43759251416c75011265,/bohhidIi1WWU5NNYF9l5wLQu3Ii.jpg,10466,False,688,False,/qUfruDgGqAklY7BTxx4iP0G3X0u.jpg,"[35, 10749]",en,The Money Pit,14.175,The Money Pit,6.4,"After being evicted from their Manhattan apartment, a couple buy what looks like the home of their dreams—only to find themselves saddled with a bank-account-draining nightmare. Struggling to keep their relationship together as their rambling mansion falls to pieces around them, the two watch in hilarious horror as everything—including the kitchen sink—disappears into the Money Pit.",1986-03-26
13,Michael Sullivan,52fe43aec3a36847f80678c7,/8wmMgwra2eKgEdpNz1HYQlGWKdl.jpg,4147,False,2369,False,/1xUQlIMFevh7krDDTOkgBhdS0Wy.jpg,"[80, 18, 53]",en,Road to Perdition,17.366,Road to Perdition,7.4,"Mike Sullivan works as a hit man for crime boss John Rooney. Sullivan views Rooney as a father figure, however after his son is witness to a killing, Mike Sullivan finds himself on the run in attempt to save the life of his son and at the same time looking for revenge on those who wronged him.",2002-07-12
14,Richard Harlan Drew,52fe43cd9251416c7501ec1f,/kEPy2OCSvsDHnRDgVxzQ2cM4dOI.jpg,10905,False,150,False,/pwTu02PTm2aGDBKpt8dNlti397I.jpg,"[28, 35]",en,The Man with One Red Shoe,8.98,The Man with One Red Shoe,5.7,A man is mistaken as a spy by the CIA when he arrives at the airport with one red shoe.,1985-07-18
15,Narrator (voice),52fe44029251416c91001f43,,30172,False,7,False,/bDFx0wBA95uic77C1KT81pDzu51.jpg,[99],en,Magnificent Desolation: Walking on the Moon,3.257,Magnificent Desolation: Walking on the Moon,6.3,"Twelve men who belong to one of the world's most exclusive fraternities -- people who've walked on the surface of the moon -- are paid homage in this documentary. Using newsreel footage, rare NASA photographs, and digitally animated re-creations, Magnificent Desolation: Walking on the Moon examines the Apollo missions between 1969 and 1972 which put astronauts on the moon.",2005-01-01
16,Professor G.H. Dorr,52fe440bc3a36847f807ef5f,/l4g9R39NCp6VaYFrw6q8JwKNW9x.jpg,5516,False,1016,False,/72WDz4czgJXmR6C9V0J6vCpsf1t.jpg,"[35, 80, 53]",en,The Ladykillers,12.633,The Ladykillers,6.1,"An eccentric, if not charming Southern professor and his crew pose as a band in order to rob a casino, all under the nose of his unsuspecting landlord – a sharp old woman.",2004-03-25
17,Narrator,52fe441ac3a36847f8082507,,5707,False,4,False,,"[28, 99, 36, 10752]",en,Shooting War,5.893,Shooting War,5.9,"A remarkable film that takes a special look at the first war to be truly reported and recorded by one of the more unsung heroes of World War II: the combat photographer. Through the unflinching eye of their camera's lenses, these courageous soldiers continually risked their lives in their brave attempts to capture history.",2000-12-07
18,Jimmy Dugan,52fe441e9251416c750297e3,/7xpFXAOjgzFPE3vyVerFGfrXhFK.jpg,11287,False,852,False,/1t3wyRlXBH9xxvojuii0t9i2zIE.jpg,"[35, 18, 10751]",en,A League of Their Own,10.979,A League of Their Own,7.1,"As America's stock of athletic young men is depleted during World War II, a professional all-female baseball league springs up in the Midwest, funded by publicity-hungry candy maker Walter Harvey (Garry Marshall). Competitive sisters Dottie Hinson (Geena Davis) and Kit Keller (Lori Petty) spar with each other, scout Ernie Capadino (Jon Lovitz) and grumpy has-been coach Jimmy Dugan (Tom Hanks) on their way to fame. Madonna and Rosie O'Donnell co-star as two of the sisters' teammates.",1992-07-01
19,Charlie Wilson,52fe4459c3a36847f8090d7d,/45FghqcdSYRWK7PsHUInaFPNd8l.jpg,6538,False,901,False,/lenFpoDZMlMvBWml8CF682x9NTQ.jpg,"[35, 18, 36]",en,Charlie Wilson's War,13.907,Charlie Wilson's War,6.5,"The true story of Texas congressman Charlie Wilson's covert dealings in Afghanistan, where his efforts to assist rebels in their war with the Soviets had some unforeseen and long-reaching effects.",2007-12-19
20,Scott Turner,52fe446ac3a36847f8094a57,/g3LC4mc17fQIFnPsMi81zzKC5gF.jpg,6951,False,759,False,/npEuuKEzJYOINa6CG0lob9DWh4U.jpg,"[28, 35, 53, 80, 10751]",en,Turner & Hooch,12.978,Turner & Hooch,6.2,"Scott Turner has 3 days left in the local police department before he moves to a bigger city to get some 'real' cases—not just misdemeanors. When Amos Reed is murdered, Scott sets himself on the case, but the closest thing to a witness to the murder is Reed's dog, Hooch, which Scott has to take care of—to avoid Hooch being 'put to sleep'.",1989-07-28
21,Chuck Noland,52fe44a2c3a36847f80a14df,/4x4puNUAqBpi9sUMYL5dNPSdB6I.jpg,8358,False,7859,False,/ioqaIhJSkwa9DGRHGtOOUTiGRs2.jpg,"[12, 18]",en,Cast Away,25.775,Cast Away,7.6,"Chuck Nolan, a top international manager for FedEx, and Kelly, a Ph.D. student, are in love and heading towards marriage. Then Chuck's plane to Malaysia crashes at sea during a terrible storm. He's the only survivor, and finds himself marooned on a desolate island. With no way to escape, Chuck must find ways to survive in his new home.",2000-12-22
22,Ray Peterson,52fe44ad9251416c7503d27b,/AukWel2vjdmt6c5YyJ3MP0nicCC.jpg,11974,False,734,False,/4HJN6dyyPMJTimMglfEdVxjW2p5.jpg,"[35, 27, 53]",en,The 'Burbs,12.396,The 'Burbs,6.7,"When secretive new neighbors move in next door, suburbanite Ray Peterson and his friends let their paranoia get the best of them as they start to suspect the newcomers of evildoings and commence an investigation. But it's hardly how Ray, who much prefers drinking beer, reading his newspaper and watching a ball game on the tube expected to spend his vacation.",1989-02-17
23,Rick Gassko,52fe44da9251416c7504336f,/bPbEGtCxiuBRF3wbIljTy4nMUnp.jpg,12309,False,420,False,/jxipHa5fLjXWItGXnlNI0RgJicR.jpg,[35],en,Bachelor Party,17.702,Bachelor Party,6.3,"This outrageously funny look at one man's final moments of bachelorhood stars Tom Hanks as Rick, reluctant recipient of a bachelor bash given by a group of friends who view partying as their full-time religion. Rick's worried fiancée, Debbie (Tawny Kitaen), dresses up in disguise and crashes the party to spy on her future husband.",1984-06-29
24,Joe Fox,52fe44fec3a36847f80b660d,/e2uVtH6TpMfUl7WeOM70ezkcjsU.jpg,9489,False,2174,False,/1XDolJ6DjVxRuhxk3sQJGihoXMy.jpg,"[35, 10749]",en,You've Got Mail,14.295,You've Got Mail,6.6,"Book superstore magnate, Joe Fox and independent book shop owner, Kathleen Kelly fall in love in the anonymity of the Internet—both blissfully unaware that he's trying to put her out of business.",1998-02-26
25,Sherman McCoy,52fe450dc3a36847f80b9965,/8pUZknlAD3hZlw69EaAgqBD2Dxc.jpg,9586,False,283,False,/sx8p1AUrsR60IiMsn6sWhYGPk3s.jpg,"[35, 18]",en,The Bonfire of the Vanities,11.659,The Bonfire of the Vanities,5.6,"After his mistress runs over a young teen, a Wall Street hotshot sees his life unravel in the spotlight, and attracting the interest of a down and out reporter.",1990-12-21
26,Andrew Beckett,52fe452fc3a36847f80c1111,/tFe5Yoo5zT495okA49bq1vPPkiV.jpg,9800,False,2738,False,/tLtvzf6Ny7tOcIkmf3DuOqDKFyu.jpg,[18],en,Philadelphia,14.84,Philadelphia,7.7,Two competing lawyers join forces to sue a prestigious law firm for AIDS discrimination. As their unlikely friendship develops their courage overcomes the prejudice and corruption of their powerful adversaries.,1993-12-22
27,Robbie Wheeling,52fe4543c3a368484e05034f,/sEOR43kpx1xBNMQjGBgHvN3QBIm.jpg,27348,False,41,False,/uYFiQoSJR6ms2Z7mFMZ02vpJuQt.jpg,"[18, 14, 10770]",en,Mazes and Monsters,5.023,Mazes and Monsters,4.2,"This film was the pinnacle of anti-D&D fearmongering. Bound together by a desire to play ""Mazes and Monsters,"" Robbie and his four college classmates decide to move the board game into the local cavern. Robbie loses his mind, and the line between reality and fantasy fuse into a harrowing nightmare.",1982-12-27
28,Robert Langdon,52fe45699251416c75055939,/uRBapeuwV8yy4in4BkETHBDmWkH.jpg,13448,False,4897,False,/nfmXo6iiciu4RdIc2Q5EBwOEtkp.jpg,"[9648, 53]",en,Angels & Demons,24.211,Angels & Demons,6.7,"Harvard symbologist Robert Langdon is recruited by the Vatican to investigate the apparent return of the Illuminati - a secret, underground organization - after four cardinals are kidnapped on the night of the papal conclave.",2009-05-13
29,David Bradley,52fe45bb9251416c9103c7ad,/ow82LtWhlGl5cxD7w7lshteVOmb.jpg,35866,False,19,False,/5rra4PDfD4lI9dSYfr7MYj49NaC.jpg,"[10752, 18, 10749]",en,Every Time We Say Goodbye,4.095,Every Time We Say Goodbye,5.8,An American flyer who joined the RAF before his country was in the war is recovering from a leg injury in Jerusalem. Through an English friend he meets a quiet Jewish girl whose close-knit family originally came from Spain. The two are attracted to each other but she is convinced their diverse backgrounds mean it could never work.,1986-11-14
30,David Basner,52fe4608c3a368484e07ceef,/m2G6Idl1CKJwOt8aFsnJk08sfDP.jpg,29968,False,60,False,/1ISqiWSbKc1UVMheI2xlO66Z6Lb.jpg,"[35, 18, 10749]",en,Nothing in Common,6.794,Nothing in Common,6.1,"On his way up the corporate ladder, David Basner confronts his greatest challenge: his father.",1986-07-29
31,Lawrence Whatley Bourne III,52fe47ca9251416c750a58d9,/igpM22TsXBYX54BngFDSSvZ3nr4.jpg,19259,False,78,False,/moWoJ1PACbaf89i6695wXcoj2qZ.jpg,[35],en,Volunteers,7.202,Volunteers,5.4,"Lawrence is a rich kid with a bad accent and a large debt. After his father refuses to help him out, Lawrence escapes his angry debtors by jumping on a Peace Corp flight to Southeast Asia, where he is assigned to build a bridge for the local villagers with American-As-Apple-Pie WSU Grad Tom Tuttle and the beautiful and down-to earth Beth Wexler.",1985-08-16
32,Woody (voice),52fe48509251416c91087f67,/z096FtMoUZxf9kqzSj39YE6psuD.jpg,82424,False,310,False,/nRRij2jFTWM6jW2TPSVGtUdcgGY.jpg,"[16, 10751, 10770]",en,Small Fry,9.901,Small Fry,6.8,A fast food restaurant mini variant of Buzz forcibly switches places with the real Buzz and his friends have to deal with the obnoxious impostor.,2011-11-23
33,Woody (voice),52fe4982c3a368484e12f03b,/yoNUZR5gFwJ822HSzcIr6y1wk1G.jpg,77887,False,391,False,/laGkslxS65R0CH2hbSI0crgjKVU.jpg,"[16, 35, 10751, 10770]",en,Hawaiian Vacation,12.287,Hawaiian Vacation,7.0,The toys throw Ken and Barbie a Hawaiian vacation in Bonnie's room.,2011-06-16
34,Larry Crowne,52fe499dc3a36847f81a3b1f,/69oR4foIWgcPSuH05HrZq3EKVN9.jpg,59861,False,897,False,/1kgIEwNkT5XxFgHy5glFHmNL7Dc.jpg,"[35, 10749, 18]",en,Larry Crowne,14.091,Larry Crowne,5.8,"When he suddenly finds himself without his long-standing blue-collar job, Larry Crowne enrolls at his local college to start over. There, he becomes part of an eclectic community of students and develops a crush on his teacher.",2011-06-30
35,Captain Richard Phillips,52fe4ab5c3a36847f81dd51d,/2x8ida0rHokUv80Ah4eBNb2eXas.jpg,109424,False,4812,False,/ihdFypo7MyfJvDSjK7Sbnsjhu8H.jpg,"[28, 18, 53]",en,Captain Phillips,16.892,Captain Phillips,7.6,"The true story of Captain Richard Phillips and the 2009 hijacking by Somali pirates of the US-flagged MV Maersk Alabama, the first American cargo ship to be hijacked in two hundred years.",2013-10-10
36,Himself - Narrator,52fe4cf0c3a36847f8245b71,/zqlOXMsJ0sSyForOe93BSfNW3Pi.jpg,170039,False,35,False,/8t2wI3IZVWucJaULiYLlWTrQ6bS.jpg,"[99, 18]",en,Killing Lincoln,7.294,Killing Lincoln,5.7,"April 14, 1865. One gunshot. One assassin hell-bent on killing a tyrant, as he charged the 16th President of the United States. And in one moment, our nation was forever changed. This is the most dramatic and resonant crime in American history—the true story of the killing of Abraham Lincoln.",2013-02-16
37,Dr. Henry Goose / Hotel Manager / Isaac Sachs / Dermot Hoggins / Cavendish Look-a-Like Actor / Zachry,52fe48a89251416c91094135,/amNMifaMEd0FBOR289OcnRAJjTI.jpg,83542,False,5331,False,/2lw4O1QOnJIVYaLrVuQyjtjwOuN.jpg,"[18, 878]",en,Cloud Atlas,16.641,Cloud Atlas,6.8,"A set of six nested stories spanning time between the 19th century and a distant post-apocalyptic future. Cloud Atlas explores how the actions and consequences of individual lives impact one another throughout the past, the present and the future. Action, mystery and romance weave through the story as one soul is shaped from a killer into a hero and a single act of kindness ripples across centuries to inspire a revolution in the distant future.  Based on the award winning novel by David Mitchell. Directed by Tom Tykwer and the Wachowskis.",2012-10-26
38,James B. Donovan,54304fd80e0a26464c000ffd,/bORlvwnVJE1Z6yIg96qnLLY3LJQ.jpg,296098,False,5179,False,/12M3SvYO4WMdlXCajWklz1zUAly.jpg,"[53, 18]",en,Bridge of Spies,24.984,Bridge of Spies,7.2,"During the Cold War, the Soviet Union captures U.S. pilot Francis Gary Powers after shooting down his U-2 spy plane. Sentenced to 10 years in prison, Powers' only hope is New York lawyer James Donovan, recruited by a CIA operative to negotiate his release. Donovan boards a plane to Berlin, hoping to win the young man's freedom through a prisoner exchange. If all goes well, the Russians would get Rudolf Abel, the convicted spy who Donovan defended in court.",2015-10-15
39,Robert Langdon,5475a40dc3a3687fd9000e10,/dtMJQzCxw2AY6tfcxhzlFpiD3BM.jpg,207932,False,4736,False,/irmIOi0wTnNtzG2uNCGIjjpjaMJ.jpg,"[18, 9648, 53]",en,Inferno,21.989,Inferno,6.0,"After waking up in a hospital with amnesia, professor Robert Langdon and a doctor must race against time to foil a deadly global plot.",2016-10-13
40,Alan Clay,5374eb17c3a3681509002f2d,/wmjWGb2tqtOA4XPnK1tpIfzRtSQ.jpg,270010,False,785,False,/v94R7P0AqOQU1kZBc1WeerKri6H.jpg,"[35, 18]",en,A Hologram for the King,11.28,A Hologram for the King,5.8,"Alan Clay, a struggling American businessman, travels to Saudi Arabia to sell a new technology to the King, only to be challenged by endless Middle Eastern bureaucracy, a perpetually absent monarch, and a suspicious growth on his back.",2016-04-22
41,Chesley 'Sully' Sullenberger,561c1d9cc3a3682251002307,/5L29r3uwDe49XDMaK2xDkDht9t0.jpg,363676,False,5007,False,/phWZP5FESItyhQcqk6sWz35nUtP.jpg,"[18, 36]",en,Sully,13.3,Sully,7.1,"On 15 January 2009, the world witnessed the 'Miracle on the Hudson' when Captain 'Sully' Sullenberger glided his disabled plane onto the frigid waters of the Hudson River, saving the lives of all 155 aboard. However, even as Sully was being heralded by the public and the media for his unprecedented feat of aviation skill, an investigation was unfolding that threatened to destroy his reputation and career.",2016-09-07
42,Woody (voice),577a78b8c3a368770400058f,/w9kR8qbmQ01HwnvK4alvnQ2ca0L.jpg,301528,False,6157,False,/q62bpQ67qaXY0u6b2wFEnQYIbPd.jpg,"[12, 16, 35, 14, 10751]",en,Toy Story 4,177.677,Toy Story 4,7.6,"Woody has always been confident about his place in the world and that his priority is taking care of his kid, whether that's Andy or Bonnie. But when Bonnie adds a reluctant new toy called ""Forky"" to her room, a road trip adventure alongside old and new friends will show Woody how big the world can be for a toy.",2019-06-19
43,Hero Boy / Father / Conductor / Hobo / Scrooge / Santa Claus,52fe4400c3a36847f807c9c1,/hc2NFfInDrOiIgIy8TTjEZTvSkz.jpg,5255,False,4127,False,/vQuIi5iOCN3V6yg7nbP5HUiVnpK.jpg,"[12, 16, 35, 14, 10751]",en,The Polar Express,26.643,The Polar Express,6.7,"When a doubting young boy takes an extraordinary train ride to the North Pole, he embarks on a journey of self-discovery that shows him that the wonder of life never fades for those who believe.",2004-11-10
44,Horatio Nelson Jackson (voice),52fe4a5ac3a368484e14e787,/iglGxGhlo2ul2ciXXxDAHg3lv3x.jpg,121100,False,3,False,,[99],en,Horatio's Drive: America's First Road Trip,4.866,Horatio's Drive: America's First Road Trip,7.3,"In the spring of 1903, on a whim and a fifty-dollar bet, Dr. Horatio Nelson Jackson set off from San Francisco in a 20-horsepower Winton touring car hoping to become the first person to cross the United States in the new-fangled ""horseless carriage."" Most people doubted that the automobile had much of a future. Jackson's trip would prove them wrong.",2003-10-06
45,Fred Rogers,5a709346c3a36847e4012aaa,/p9vCAVhDK375XyobVcKqzqzsUHE.jpg,501907,False,704,False,/w0tJot6O0UtLVBRIPAdg3dQ2oNO.jpg,[18],en,A Beautiful Day in the Neighborhood,20.256,A Beautiful Day in the Neighborhood,7.1,"An award-winning cynical journalist, Lloyd Vogel, begrudgingly accepts an assignment to write an Esquire profile piece on the beloved television icon Fred Rogers. After his encounter with Rogers, Vogel's perspective on life is transformed.",2019-09-07
46,Woody (voice),5ac0152ec3a368443f034084,/yFWQkz2ynjwsazT6xQiIXEUsyuh.jpg,863,False,9801,False,/91qfG6VaxRsCh1SbIi1w2vxknsL.jpg,"[16, 35, 10751]",en,Toy Story 2,43.429,Toy Story 2,7.6,"Andy heads off to Cowboy Camp, leaving his toys to their own devices. Things shift into high gear when an obsessive toy collector named Al McWhiggen, owner of Al's Toy Barn kidnaps Woody. Andy's toys mount a daring rescue mission, Buzz Lightyear meets his match and Woody has to decide where he and his heart truly belong.",1999-10-30
47,Commander Krause,5ac6db57c3a36834de01a435,/kjMbDciooTbJPofVXgAoFjfX8Of.jpg,516486,False,1274,False,/xXBnM6uSTk6qqCf0SRZKXcga9Ba.jpg,"[28, 18, 10752]",en,Greyhound,288.64,Greyhound,7.5,"A first-time captain leads a convoy of allied ships carrying thousands of soldiers across the treacherous waters of the “Black Pit” to the front lines of WW2. With no air cover protection for 5 days, the captain and his convoy must battle the surrounding enemy Nazi U-boats in order to give the allies a chance to win the war.",2020-07-10
48,Carl Hanratty,52fe4263c3a36847f801a643,/ctjEj2xM32OvBXCq8zAdK3ZrsAj.jpg,640,False,9955,False,/rwcEaZghpbt6mV0lRQ9ymz5oM9B.jpg,"[18, 80]",en,Catch Me If You Can,26.435,Catch Me If You Can,7.9,"A true story about Frank Abagnale Jr. who, before his 19th birthday, successfully conned millions of dollars worth of checks as a Pan Am pilot, doctor, and legal prosecutor. An FBI agent makes it his mission to put him behind bars. But Frank not only eludes capture, he revels in the pursuit.",2002-12-25
49,Pep Streebeck,52fe430a9251416c75001163,/2AqQGyY5yM8PCOGxWsMNlegTnDp.jpg,10023,False,281,False,/y406HvZ2aAhYjUgnBuSqSt9AywY.jpg,"[28, 35, 80]",en,Dragnet,13.517,Dragnet,5.9,"LAPD Sgt. Joe Friday -- the equally straight-laced nephew of the famous police sergeant of the same name -- is paired up with a young, freewheeling detective named Pep Streebeck. After investigating some strange robberies at the local zoo and the theft of a stockpile of pornographic magazines, they uncover cult activity in the heart of the city and are hot on the case to figure out who's behind it all.",1987-06-23
50,Mr. White,52fe450ec3a36847f80b9ba3,/gm6Uw5fFGvnzLusTtYdT1js27JT.jpg,9591,False,493,False,/sVTYoRoEUVbsQHGTN90aHIcaSiT.jpg,"[35, 18, 10749]",en,That Thing You Do!,9.53,That Thing You Do!,6.8,"A Pennsylvania band scores a hit in 1964 and rides the star-making machinery as long as it can, with lots of help from its manager.",1996-10-04
51,Steven Gold,52fe45a5c3a36847f80d29f9,/fwdbzhklAgdV4rFrOZCHVDewg9J.jpg,40820,False,77,False,/8IAGoygJuPFViHEKPzAm239qzlQ.jpg,"[35, 18]",en,Punchline,8.197,Punchline,5.3,"Lilah Krytsick is a mother and housewife who's always believed she could be a stand-up comedian. Steven Gold is an experienced stand-up seemingly on the cusp of success. When the two meet, they form an unlikely friendship, and Steven tries to help the untried Lilah develop her stage act. Despite the objections of her family and some very wobbly beginnings, Lilah improves, and soon she finds herself competing with Steven for a coveted television spot.",1988-10-07
52,Thomas Schell,52fe46e4c3a368484e0a9869,/xTHlcUgzH0XhGfhGwGoHHbGuGX6.jpg,64685,False,1509,False,/hTc55dlCPMP4oqrUU66GjKjSblp.jpg,[18],en,Extremely Loud & Incredibly Close,12.109,Extremely Loud & Incredibly Close,7.0,"A year after his father's death, Oskar, a troubled young boy, discovers a mysterious key he believes was left for him by his father and embarks on a scavenger hunt to find the matching lock.",2011-12-24
53,Walt Disney,52fe4a9c9251416c750e8175,/ksDa3XtV3v07jhQLUgARRi5cFBO.jpg,140823,False,2508,False,/pbTyzFmqah1uQJTig17NiOeCU2d.jpg,"[35, 18, 36]",en,Saving Mr. Banks,12.508,Saving Mr. Banks,7.4,Author P.L. Travers travels from London to Hollywood as Walt Disney Pictures adapts her novel Mary Poppins for the big screen.,2013-11-16
54,Woody (voice),52fe4b68c3a368484e18793f,/ozoGeGfkxLPe8dQWOdLtyLPGQt7.jpg,130925,True,263,False,/4boXb1lsPnC4mvMYG9CkhaQBltq.jpg,"[16, 35, 14, 10751]",en,Partysaurus Rex,10.197,Partysaurus Rex,7.2,"When Rex finds himself left behind in the bathroom, he puts his limbs to use by getting a bath going for a bunch of new toy friends.",2012-09-14
55,Himself,52fe4d33c3a36847f8254265,/1F0bQ77FBIEk0PbS3vV8mbLgZSj.jpg,173458,False,6,False,,[99],en,Stephen King: Shining in the Dark,2.851,Stephen King: Shining in the Dark,6.4,A documentary looking at the life and work of Stephen King.,1999-09-09
56,Eamon Bailey,55528c9bc3a368426f0054e9,/bQVqd5rWrx5GbXhJNuvKy4Viz6j.jpg,339988,False,3375,False,/hENBbG0J4zf4fFB3OVAC50poojR.jpg,"[18, 878, 53]",en,The Circle,23.739,The Circle,5.5,"A young tech worker takes a job at a powerful Internet corporation, quickly rises up the company's ranks, and soon finds herself in a perilous situation concerning privacy, surveillance and freedom. She comes to learn that her decisions and actions will determine the future of humanity.",2017-04-27
57,Narrator,567d70c59251412e52004ea2,/cOisFeyE0FGwsjy1XKLAn7RxukD.jpg,374164,False,0,False,,"[12, 99, 18]",en,Boatlift,1.544,Boatlift,0.0,"From the midst of 9/11, one of the darkest moments in American history, comes this inspiring and relatively unknown story. When the twin towers fell, hundreds of thousands of people ran to the water's edge. They soon realized that Manhattan is, indeed, an island. And that they were trapped. Within moments, an armada of every vessel that could get to the city's seawall spontaneously organized. Dashing into the teeth of danger, hundreds of boats pulled together and, without any formal planning, military or otherwise, they pulled off an ad-hoc sea evacuation that became the largest in history. Their story of courage and resolve reminds us of the powerful spirit that rose among us, on that fateful day. Narrated by Tom Hanks. Directed by Eddie Rosenstein.",2011-09-08
58,The Man,569520fa9251417422000484,,377229,False,0,False,,"[18, 14]",en,The Ocean at the End of the Lane,1.464,The Ocean at the End of the Lane,0.0,"A man attending a funeral in his hometown comes face-to-face with his past when he is confronted with memories of mistrust, adultery, abuse, and a fantastical journey that couldn't possibly be real. It couldn't possibly be real, but the memory of a mysterious girl named Lettie Hempstock ties each bizarre childhood occurrence to the last.",
59,Cleveland Carr (voice),582af4d9c3a368360f0448cc,/nFH5AylexDc47BhE0gmxLVkdpD1.jpg,426128,False,3,False,/lFpMaMdd0RZOlUO05WOPUsYpjhm.jpg,"[28, 16, 80, 18, 878, 10749]",en,Electric City,0.984,Electric City,6.3,"A view of the future of civilization, presented through the lens of provocative themes such as energy consumption, freedom of information, crime and punishment.",2012-07-17
60,Himself,57d0d14492514173ac00573b,/8tdOPx8TZ6y85BHD0G3sS8anuMY.jpg,414792,False,21,False,/j1z8S3ZfgDn47AegrQoslsdAoHl.jpg,[99],en,California Typewriter,5.968,California Typewriter,7.0,"A story about people whose lives are connected by typewriters. A meditation on creativity and technology featuring Tom Hanks, John Mayer, Sam Shepard, David McCullough and others.",2017-08-18
61,Ben Bradlee,58c43116c3a368536200010d,/h4XG3g6uMMPIBPjAoQhC2QIMdkl.jpg,446354,False,3338,False,/8sb4aBST28vN3rBz704XJczS0Ld.jpg,"[18, 36]",en,The Post,18.771,The Post,7.0,A cover-up that spanned four U.S. Presidents pushed the country's first female newspaper publisher and a hard-driving editor to join an unprecedented battle between journalist and government. Inspired by true events.,2017-01-19
62,,58f29f27c3a36807df00433f,,295370,True,8,False,,[99],en,The True Story of Charlie Wilson's War,4.033,The True Story of Charlie Wilson's War,6.3,"A playboy congressman, an outcast CIA operative, and a socialite steer over $300 million of the United States Government’s money — in an era when Reagan couldn’t raise $19 million for the Contras — to fund a covert war intended to turn Afghanistan into “Russia’s Vietnam.”  Is this a joke? Is this some improbable work of fiction? Who are these wildly eccentric figures? How did they pull it off?  In this special presentation from THE HISTORY CHANNEL® discover the intricate details of this incredible, fascinating and completely true series of events. Learn how Texas Congressman Charlie Wilson allied with CIA agent Gust Avrakotos and Houston philanthropist Joanne Herring to secretly bankroll the Afghan Mujahideen’s resistance to the Soviet Union. Retrace the behind-the-scenes machinations that led to the CIA’s largest and most successful campaign ever. And understand the wide-ranging and long-lasting implications of this little-known episode.",2007-06-12
63,Himself / Paul Edgecomb,5910d53ec3a36864ec033b16,,456703,True,0,False,,"[99, 18]",en,Walking the Mile: The Making of The Green Mile,3.063,Walking the Mile: The Making of The Green Mile,0.0,"Frank Darabont explains how this new project was introduced thru a phone call from Stephen King as ""another prison tale"" if he was interested to make it, the answer was not, King expose his concept idea in few words, however Frank asking to Stephen send the script to him firstly, when the first tale was finished and sent to Darabont, after reading such odd story, asking for more, so King replied ""You must wait as anybody else"", receiving later all other tales Frank wrote a screenplay on 8 weeks, so come up ""the Green Mile""",2000-06-13
64,Himself,595d127a9251415a400439f8,/rOaeh83eylKNBkPxUMAUAogb7rS.jpg,464729,False,8,False,/oIgUXB3136p8Y1gf1jqmPdjAFOF.jpg,[99],en,The Story Behind 'Toy Story',5.449,The Story Behind 'Toy Story',8.8,"The documentary short of Toy Story of why and how the feature length blockbuster sleeper movie became a success and helps to boost Pixar's popularity of making one of the few animation movie production companies in the world today, especially in North America.",1996-12-18
65,David S. Pumpkins,59ce6a1fc3a3686aa9019e54,/3uoVw6eGWi3ek9c0DYP4r0O6AkX.jpg,478639,False,14,False,,"[16, 35, 10770]",en,The David S. Pumpkins Halloween Special,4.416,The David S. Pumpkins Halloween Special,4.9,"Set in a small suburban town on All Hallows' Eve, the special centers on David Pumpkins and his skeleton sidekicks who show a young boy and his sister the true meaning of Halloween, answering none of their questions along the way.",2017-10-28
66,,5a1c161cc3a3680b8a0533af,/rc9ovrusS56WpuR79BaYksmEEhq.jpg,224355,False,0,False,,[99],en,"Rebels of Oakland: The A's, The Raiders, The '70s",0.6,"Rebels of Oakland: The A's, The Raiders, The '70s",0.0,"""As soon as you hear the title to this new one, you know exactly what it's about and why it's likely to be good, especially if you were a sports fan growing up in the 1970s. Even to good boys all the way across the country in New Hampshire, the authority-flouting baseball A's and football Raiders were magical. Not only did they win championships, they did it amid clubhouse brawls, feuds with an owner and a general embrace of the 1960s aesthetic.  Filmmakers Rick Bernstein and Ross Greenburg tell the stories of these turbulent, talented teams and show how they perfectly fit their city. Oakland was blue collar and home to hardcore hard-core 1960s rebellion, exemplified by the Black Panthers. Oakland, especially, was not San Francisco, the effete, world-class city across the bay.""",2003-12-10
67,Himself - Narrator,5a7221b10e0a265af50108c5,/rKMq3evH30gc0hrGZFRgeKROu8L.jpg,502139,False,3,False,,[],en,A Timeless Call,0.961,A Timeless Call,5.7,U.S. Veteran tribute made for the 2008 Democratic convention.,2008-08-07
68,Finch,5aecfbc99251411d1e0022e1,,522402,False,0,False,,"[18, 878]",en,BIOS,8.071,BIOS,0.0,"On a post-apocalyptic Earth, a robot, built to protect the life of his dying creator's beloved dog, learns about life, love, friendship, and what it means to be human.",2021-04-16
69,Himself,5c0e5c92c3a36825150c845b,/fp3mOjFJ55HhHVULBMs5oqtzWk2.jpg,567649,False,0,False,/mU7A8sM6TFC5MuFxl2i0rLbEHLk.jpg,[99],en,The Last Mile,0.6,The Last Mile,0.0,"It's been 25 years since “Philadelphia” premiered, and since then, we've come a long way in the fight to end AIDS. In partnership with Coca Cola and RED, ""The Last Mile"" explores how far we've come.",2018-12-01
70,Captain Jefferson Kyle Kidd,5c5f525ac3a3683cc68eab43,/v9gOSS3cQvUel5MJW6qzGF6eQLh.jpg,581032,False,0,False,/ugoims6PfRgcAcIgTRoK2uvjhOu.jpg,"[18, 37]",en,News of the World,18.565,News of the World,0.0,"A Texan traveling across the wild West bringing the news of the world to local townspeople, agrees to help rescue a young girl who was kidnapped.",2020-12-25
71,Colonel Tom Parker,5d2897a8a294f0000f2913d3,/85Jh7gotsavvgKrtV6jOCFGapaL.jpg,614934,False,0,False,/u1OYrMwONCBp0Au6qETRxx4Xd2I.jpg,"[18, 10402]",en,Elvis,7.875,Elvis,0.0,"A biopic about Elvis Presley, with focus on his early years.",2021-11-05
72,Major Matt Mason,5d9ea80ff0647c003fcda073,,638302,False,0,False,,"[28, 12, 10751]",en,Major Matt Mason,0.626,Major Matt Mason,0.0,Plot unknown. Based on a Mattel action figure.,
73,Himself,52fe4b0ac3a368484e17484d,,127850,False,2,False,,[99],en,Inventing David Geffen,2.595,Inventing David Geffen,6.5,"Notoriously press and camera-shy, David Geffen reveals himself for the first time in this unflinching portrait of a complex and compelling man. His far-reaching influence - as an agent and manager, record industry mogul, Hollywood and Broadway producer, and billionaire philanthropist - has helped shape American popular culture for the past four decades. This documentary offers a rare insight into the world of the man responsible for launching the early successes of Joni Mitchell, Tom Cruise, and Guns N’ Roses; co-founded DreamWorks; produced Cats and Dreamgirls;  and is one of the largest contributors to the fight against AIDS. (SBS AU)  Geffen narrates his unorthodox rise from working class Brooklyn boy to billionaire entertainment power broker in extensive interviews.  American Masters explores the highs and the lows in Geffen’s professional and personal life through more than 50 new interviews with his friends, colleagues and clients, as well as other media luminaries. (PBS)",2012-11-19
74,Woody (Voice),52fe4dbec3a368484e1fac11,/aNDrMDZYmcoMlJa6K3VicYeAgt1.jpg,213121,False,551,False,/chICYTbG39OUQHVoHP11ehIoXV7.jpg,"[12, 16, 35, 14, 10751, 10770]",en,Toy Story of Terror!,1.215,Toy Story of Terror!,7.2,"What starts out as a fun road trip for the Toy Story gang takes an unexpected turn for the worse when the trip detours to a roadside motel. After one of the toys goes missing, the others find themselves caught up in a mysterious sequence of events that must be solved before they all suffer the same fate in this Toy Story of Terror.",2013-10-16
75,Himself,52fe4e69c3a36847f828ea91,/dfjLE1HjdR9XhEpN04elCGUOJfA.jpg,237353,False,13,False,,[99],en,Through the Eyes of Forrest Gump,4.53,Through the Eyes of Forrest Gump,8.5,"A look behind the scenes of Robert Zemeckis' 1994 Oscar-winning film, 'Forrest Gump'.",1994-10-01
76,Woody (voice),543d70930e0a266f8400032c,/jqQPN3X3aV5VmpTiEEASt36nlfi.jpg,256835,False,636,False,/k5O30sO1eP0gZkD4qj7BNKIww6q.jpg,"[16, 10751, 10770, 12, 35, 14]",en,Toy Story That Time Forgot,21.568,Toy Story That Time Forgot,7.0,"During a post-Christmas play date, the gang find themselves in uncharted territory when the coolest set of action figures ever turn out to be dangerously delusional. It's all up to Trixie, the triceratops, if the gang hopes to return to Bonnie's room in this Toy Story That Time Forgot.",2014-12-02
77,,56f49b3e9251417a490009da,/oCQUxbAcANmQoCR5TeVDEMdVhWR.jpg,356325,False,17,False,/8bwpkNqLxSk6jDmTATgG4Ruibhu.jpg,[99],en,Everything Is Copy,5.926,Everything Is Copy,7.8,"Jacob Bernstein's extremely entertaining film is a tribute to his mother Nora Ephron: Hollywood-raised daughter of screenwriters who grew up to be an ace reporter turned piercingly funny essayist turned novelist/screenwriter/playwright/director. Ephron comes vibrantly alive onscreen via her words; the memories of her sisters, colleagues, former spouses, and many friends; scenes from her movies; and, above all, her own inimitable presence. Watch any given moment of Ephron being her sparkling but caustically witty self (for instance, this response to a scolding talk show host—""You have a soft spot for Julie Nixon, don't you. See, I don't..."") and you find it hard to believe that she’s been gone from our midst for three years. Everything Is Copy (Ephron's motto, inherited from her mother) is a lovingly drawn but frank portrait and, incidentally, a vivid snapshot of an earlier, livelier, bitchier, and funnier moment in New York culture.",2015-09-29
78,Himself,57ab202fc3a36827b4001039,,406122,False,9,False,,[99],en,Toy Story at 20: To Infinity and Beyond,1.943,Toy Story at 20: To Infinity and Beyond,8.1,Retrospective looking at the revolutionary computer-animated feature film Toy Story.,2015-12-10
79,Waitstill Sharp (voice),57bbc639c3a368301300088e,/bJWOq7BV5oc1ixSBSdlofUq2ORv.jpg,252451,False,10,False,/ywlUbm7a0M6y8WblU4Asrz3M0QF.jpg,[99],en,Defying the Nazis: The Sharps' War,5.705,Defying the Nazis: The Sharps' War,6.9,"Join an American couple’s courageous mission in 1939 to help refugees escape Nazi-occupied Europe. Over the course of two years, the pair will risk their lives so that hundreds can live in freedom.",2016-09-20
80,Self,5bac137f92514150ee029a76,/yYtY9CRLyz4dXqTOiimdMF7Nt4e.jpg,504561,False,59,False,/8McBKWoQOQZfeIGQl23g0TJ6jto.jpg,[99],en,Quincy,9.35,Quincy,7.4,"An intimate look into the life of icon Quincy Jones. A unique force in music and popular culture for 70 years, Jones has transcended racial and cultural boundaries; his story is inextricably woven into the fabric of America.",2018-09-21
81,Self,5c732730c3a3685a44177f59,/jNTueLKnIavVd1hUNO2c55wnWfF.jpg,325450,False,0,False,,"[99, 10402]",en,The Dave Clark Five and Beyond: Glad All Over,0.627,The Dave Clark Five and Beyond: Glad All Over,0.0,"The Dave Clark Five started the rock n roll British invasion that changed the world, having already knocked The Beatles out of the #1 position in the UK. Watch newly-filmed interviews with Tom Hanks, Paul McCartney, Elton John, Bruce Springsteen, Stevie Wonder, Dionne Warwick and many more, as they share their memories of how the music of the 60s and the cultural revolution of 1964 changed their lives forever. Bonus disc includes 2 hours of extra interview scenes and rare archival footage, including never-before-seen star performances and alternate performances from The DC5 ! Featuring 4 hours of star-studded performances in total!",2014-05-13
82,,5cf19b4d92514138ccb9316b,/1ZpGQVdSec6cCArfFjDXRXn2se9.jpg,606078,False,0,False,,[99],en,People Like Us: Making 'Philadelphia',0.842,People Like Us: Making 'Philadelphia',0.0,"10 years after the release of ""Philadelphia"", director Jonathan Demme, Tom Hanks, Denzel Washington and others discuss about the making of that film and it's important legacy through the years of being the first mainstream Hollywood film about dealing with the topic of Aids, revealing its impact on culture and society. Cast and crew talk about the inception of the project, the making of it and curious stories about one of the greatest hits of 1993.",2004-07-19
83,Himself,5eb53c4a0cb3350021c9af16,,181007,False,1,False,,[99],en,Making Saving Private Ryan,1.4,Making Saving Private Ryan,6.0,Documentary about the filming and production of the 1998 WWII film 'Saving Private Ryan',2004-05-25
84,Himself,5f28ee8eb1f68d00376d1e11,/duInEKeZfJl0rhj24RXjGz3SUB4.jpg,729031,False,0,False,,[99],de,Die Clint Eastwood Story,1.477,Die Clint Eastwood Story,0.0,German Documentary on Clint Eastwood,2018-02-07
85,Mr. Gable,52fe46bf9251416c75082477,/vHGTog9BcjVVYvczJKH36PvAKaE.jpg,16279,False,152,False,/bzjGojNGoLuGvbaeEbjI8BFhJ1f.jpg,[35],en,The Great Buck Howard,11.234,The Great Buck Howard,6.0,When a law school dropout answers an advertisement to be a personal assistant he unknowingly signs on to work for a belligerent has-been magician struggling to resurrect his career. This leads to a journey across the country staging the comeback of a lifetime.,2008-01-18
86,Narrator,52fe48f5c3a36847f81822a1,,56235,False,5,False,,[99],en,Return with Honor,1.703,Return with Honor,5.6,The story of U.S. fighter pilots shot down over North Vietnam who became POWs for up to 8 and a half years.,1999-06-11
87,,56b2431392514103380004b3,/wOMSIJeIt3LunhwSeSF7LO2JuPe.jpg,380994,False,7,False,,[99],en,Mike Nichols: An American Master,2.86,Mike Nichols: An American Master,6.4,"With charm and wit, Nichols discusses his life and 50-year career as a performer and director.",2016-01-29
88,Himself (archive footage),58569e5092514146c903cdbc,/mQzWz5HTyPLcRdGElqhn99kMSQU.jpg,43714,False,5,False,,"[99, 878]",en,The Harryhausen Chronicles,5.185,The Harryhausen Chronicles,6.4,"As an actor, director and producer, Ray Harryhausen has been a vibrant figure in Hollywood, working on everything from family films to mind-bending sci-fi. But his true genius lay in the creation of special effects for movies such as Mighty Joe Young and It Came from Outer Space. Narrated by Leonard Nimoy and featuring appearances by George Lucas and Ray Bradbury, this film documents Harryhausen's remarkable life's work.(copied from Netflix)",1998-01-27
89,Will Mayo,5bab96dbc3a3683ac902692b,/zojyFTrXTdULii1Jh5yHmG0ZTHq.jpg,550600,False,4,False,,[99],en,"The Mayo Clinic, Faith, Hope and Science",4.469,"The Mayo Clinic, Faith, Hope and Science",8.3,"The Mayo Clinic: Faith - Hope - Science tells the story of a unique medical institution that has been called a ""Medical Mecca,"" the ""Supreme Court of Medicine,"" and the ""place for hope where there is no hope."" The Mayo Clinic began in 1883 as an unlikely partnership between the Sisters of Saint Francis and a country doctor named William Worrall Mayo after a devastating tornado in rural Minnesota. Since then, it has grown into an organization that treats more than a million patients a year from all 50 states and 150 countries. Dr. Mayo had a simple philosophy he imparted to his sons Will and Charlie: ""the needs of the patient come first."" They wouldn't treat diseases...they would treat people. In a world where healthcare delivery is typically fragmented among individual specialties, the Mayo Clinic practices a multi-specialty, team-based approach that has, from its beginnings, created a culture that thrives on collaboration.",2018-09-25
90,Self,5ed7ae5e528b2e002073624e,/c1HiJwCJy8OMdrJCmzSD8Wiz89c.jpg,712062,True,0,False,/6rmc43jaxcztIGEeAq2zBIQGQ8L.jpg,[35],en,Pennis from Heaven,0.688,Pennis from Heaven,0.0,"Wherever he goes, Dennis Pennis (Paul Kaye) leaves a trail of embarrassment in his wake. From London to the Venice Film Festival and on to Hollywood, no-one is spared, no star is too big to escape verbal abuse. Victims include Steve Martin, Pierce Brosnan, Don Johnson, Jim Carrey, Richard Gere, Sharon Stone, Sandra Bullock, Charlie Sheen, Cindy Crawford, Demi Moore and Arnold Schwarzennegger. If you're a star, beware! Pennis is out to get you. This release includes previously released Very Important Pennis, Anyone For Pennis? and RIP - Too Rude to Live.",2005-03-28
91,Mailbox-Elvis,52fe465e9251416c9105233d,/ekTcDu7Ahs76IJsqV7ri2nvmyVu.jpg,37641,False,29,False,/m8fwUVdH2TbSkW5eWz9UgrTyOrC.jpg,[35],en,Elvis Has Left the Building,5.899,Elvis Has Left the Building,5.3,"Harmony had an encounter early in life with the young Elvis, and can't seem to shake his influence. Now a Pink Lady selling cosmetics, she seems to inadvertently bring harm to any Elvis impersonators she encounters. After a bizarre car accident leaves a slew of them dead, Harmony goes on the run from the authorities, hooking up with a downtrodden ad exec who has Elvis troubles of his own.",2004-08-27
92,Self,59dc100e92514124cd068260,/2AAvIR2PHoxNITgLDOkXXlWLlua.jpg,467062,False,168,False,/hoML3xQNqd6aRcUXiVlPhrSIfAR.jpg,"[99, 10770]",en,Spielberg,15.447,Spielberg,7.5,"A documentary on the life and career of one of the most influential film directors of all time, Steven Spielberg.",2017-10-05
93,Himself,59e392fc9251410b670003bc,/wQXvOy2hpfLscTorrzhy2icveVZ.jpg,459682,False,7,False,,[99],en,Catch Me If You Can: Behind the Camera,2.01,Catch Me If You Can: Behind the Camera,8.9,A behind the scenes look at the making of Stephen Spielberg's Catch Me If You Can.,2003-05-06
94,Himself (archive footage),5b6be82092514140641214e4,/QmEOPgTZ9hELnWSmfzelaqAriU.jpg,471198,False,1,False,,[99],en,The Universal Story,0.991,The Universal Story,7.0,"Richard Dreyfuss hosts a celebration of the 80 year history of Universal Studios. Founded as IMP by Carl Leammle to oppose Edison's Motion Picture Tust, it soon grew under the leadership of 21 year old production head Irving Thalberg with classic silents from artists like John Ford, Erich Von Stroheim, and Lon Chaney and prospered further in the Sound Era under the leadership of Carl Leammle Jr. with such classics as ""All Quiet on The Western Front,"" ""Showboat,"" and the studio's signature monster franchises, ""Frankenstein"" and ""Dracula.""",1996-04-21
95,Himself,52fe4ab79251416c750eb843,,141498,False,1,False,,[99],en,Lost Moon: The Triumph of Apollo 13,2.857,Lost Moon: The Triumph of Apollo 13,6.0,"This is a truly terrific piece of work. The program involves Ron Howard, Jim Lovell, Marilyn Lovell, producer Brian Grazer, executive producer Todd Hallowell, visual effects supervisor Robert Legato, lead digital compositor Mark Forker, astronauts Fred Haise, Dave Scott, Apollo 13 flight director Gerald Griffin, command module systems controller Sy Lieberglot, Apollo 13 flight dynamics officer Jerry Bostick, mission control director Gene Krantz, Tom Kelly of Grumman, NASA mission operations director Christopher Kraft, daughters Susan Lovell Williams and Margaret Haise, command systems module controller John Aaron, and actors Tom Hanks, Bill Paxton, Kevin Bacon, Gary Sinise, Kathleen Quinlan, and Ed Harris. The show offers a mix of film clips, interview segments and archival footage from the era itself to create a very informative and enjoyable documentary.",1996-01-01
96,Himself,543ae4340e0a2649ab00378c,/vhK51wJybwZTRCPVUOkGpSI4auN.jpg,15302,False,143,False,/jbdvzJvNu0swWURJp71Fxwd54Fm.jpg,[99],en,The Pixar Story,10.785,The Pixar Story,7.5,"A look at the first years of Pixar Animation Studios - from the success of ""Toy Story"" and Pixar's promotion of talented people, to the building of its East Bay campus, the company's relationship with Disney, and its remarkable initial string of eight hits. The contributions of John Lasseter, Ed Catmull and Steve Jobs are profiled. The decline of two-dimensional animation is chronicled as three-dimensional animation rises. Hard work and creativity seem to share the screen in equal proportions.",2007-08-28
97,Mr. Macauley,547200b79251411752000075,/oCyNJbfZ7kQVhRyOlNcJhlsizLb.jpg,305642,False,67,False,/ofXZ0Crpq4huaEqIA01IfGc6uCC.jpg,[18],en,Ithaca,6.513,Ithaca,5.3,"In a small town in California's San Joaquin Valley, 14-year-old Homer Macauley is determined to be the best and fastest bicycle telegraph messenger anyone has ever seen. His older brother has gone to war, leaving Homer to look after his widowed mother, his older sister and his 4-year-old brother, Ulysses. And so it is that as spring turns to summer, 1942, Homer Macauley delivers messages of love, hope, pain... and death... to the good people of Ithaca. And Homer Macauley will grapple with one message that will change him forever - from a boy into a man. Based on Pulitzer Prize-winning author William Saroyan's 1943 novel, The Human Comedy, ITHACA is the quintessential wartime tale of the Home Front. It is a coming-of-age story about the exuberance of youth, the sweetness of life, the sting of death and the modesty and sheer goodness that lives in each and every one of us.",2015-10-29
98,Self - Narrator,5efad50ef0317400364e6ebe,/bgkB00OM00xOQLiCwqVYMwM2JIg.jpg,720203,False,0,False,,[99],en,The Road We've Traveled,1.099,The Road We've Traveled,0.0,A short documentary on the first term of President Barack Obama's administration.,2012-03-15
99,Older Mike/Narrator (uncredited),52fe43f8c3a368484e0088bd,/pUZ2Gr9vOG4eETxzhiH9C7KQo5M.jpg,20763,False,120,False,/mgdwZ1VqL0jcGlRxfZnxu9eIj5O.jpg,[18],en,Radio Flyer,9.405,Radio Flyer,7.0,"A father reminisces about his childhood when he and his younger brother moved to a new town with their mother, her new husband and their dog, Shane. When the younger brother is subjected to physical abuse at the hands of their brutal stepfather, Mike decides to convert their toy trolley, the ""Radio Flyer"", into a plane to fly him to safety.",1992-02-21
100,Self,5f9234ea278d8a00373b5012,/6agKYU5IQFpuDyUYPu39w7UCRrJ.jpg,740985,False,117,False,/3Ysvp4ODDC6sucdQ9quHWkMiKED.jpg,[35],en,Borat Subsequent Moviefilm,110.995,Borat Subsequent Moviefilm,6.8,"14 years after making a film about his journey across the USA, Borat risks life and limb when he returns to America with his young daughter, and reveals more about the American culture, the COVID-19 pandemic, and the political elections.",2020-10-23
101,Elliot,52fe4703c3a368484e0b053b,/90rdztFCRAxQsEfy35cxH9qt3N1.jpg,65262,False,35,False,/uwGqedgveLqykZ5L4xNZYUrWRK3.jpg,[27],en,He Knows You're Alone,5.114,He Knows You're Alone,5.3,"A reluctant bride to be is stalked by a serial killer who only kills brides and the people around them. While her friends get whacked one by one, a hard boiled renegade cop whose bride had been killed years before tries to hunt him down before it is too late. Meanwhile, the bride has to figure out if it is all in her imagination or not, aided by her ex-boyfriend...",1980-09-12
102,Himself,54a565059251414d2700ee41,/q7nBd0KGa9efwk5EpcCvQgWcT7r.jpg,315085,False,3,False,,"[10402, 10770]",en,The Concert for Valor,5.33,The Concert for Valor,9.7,A live HBO concert honoring United States veterans in Washington DC.,2014-11-11
103,Himself,58fafc4592514163ec009438,,453422,True,4,False,,[99],en,Sully: Sully Sullenberger - The Man Behind the Miracle,1.294,Sully: Sully Sullenberger - The Man Behind the Miracle,6.3,Documentary about the life of Captain Chesley Sullenberger,2016-12-20
104,Self / Allen Bauer,5ea8bc6db7fbbd001b39b498,/tqTBRER4JqHu4mjCvPA9VEcUnFP.jpg,698229,False,0,False,,"[99, 35]",en,Making a 'Splash',1.73,Making a 'Splash',0.0,Retrospective documentary on the making of the hit comedy Splash (1984).,2004-03-30
105,Baxter,5d8a4c236c1e04000facfa3b,/jrCnvkXgEe5xH7pVg6eFK05efuZ.jpg,473544,False,1,False,,[27],en,Vault of Horror I,0.653,Vault of Horror I,4.0,"A compilation of three episodes from the Tales from the Crypt series (""Carrion Death"", ""None but the lonely heart"" and ""Abra Cadaver"") with some famous cast and directors.",1994-07-02
106,Himself - Filmmaker (archive footage),52fe49b19251416c910b596d,/zHNNT9gfiGsuadR6x38KYOp6ekq.jpg,87061,False,38,False,/tx3uj8GPWf5pzb0gWATJ4bokNHI.jpg,[99],fr,Le Voyage extraordinaire,5.399,The Extraordinary Voyage,7.6,"An account of the extraordinary life of film pioneer Georges Méliès (1861-1938) and the amazing story of the copy in color of his masterpiece “A Trip to the Moon” (1902), unexpectedly found in Spain and restored thanks to the heroic efforts of a group of true cinema lovers.",2011-12-08
107,Himself - Interviewee,530f11bf925141736c0007c7,/rRL4xf3Z6kgLUyb5vbGKErlzP4h.jpg,253639,False,36,False,,"[99, 10770]",en,And the Oscar Goes To...,9.638,And the Oscar Goes To...,7.1,"The story of the gold-plated statuette that became the film industry's most coveted prize, AND THE OSCAR GOES TO... traces the history of the Academy itself, which began in 1927 when Louis B. Mayer, then head of MGM, led other prominent members of the industry in forming this professional honorary organization. Two years later the Academy began bestowing awards, which were nicknamed ""Oscar,"" and quickly came to represent the pinnacle of cinematic achievement.",2014-02-02
108,Himself,554f734e92514162f2001889,/omnB5pI8uoExdIAhiOb5Awd1wym.jpg,32562,False,58,False,,"[99, 36]",en,The Celluloid Closet,6.614,The Celluloid Closet,7.4,"This documentary highlights the historical contexts that gay, lesbian, bisexual and transgender individuals have occupied in cinema history, and shows the evolution of the entertainment industry's role in shaping perceptions of LGBT figures. The issues addressed include secrecy – which initially defined homosexuality – as well as the demonization of the homosexual community with the advent of AIDS, and finally the shift toward acceptance and positivity in the modern era.",1996-01-30
109,Narrator,5c38ad42c3a368266a5d7f9d,/8TcXwhS8HbXLXC1hadEvesf8wwb.jpg,574379,False,0,False,/6NXM452S865MhGx3WiNIYyc2bLa.jpg,"[99, 10752]",en,Beyond All Boundaries,2.556,Beyond All Boundaries,0.0,"A visual, 4-D experience of the battles of World War II featuring stories, archival footage and advanced special effects.",2009-11-09
110,Himself (voice),52fe4211c3a36847f8001551,/dYFUMhAbZ2SO9FgCJxiRn88Cw8S.jpg,35,False,5767,False,/pmwImNPFtRlXAkovmJ2MCX6f7KY.jpg,"[16, 35, 10751]",en,The Simpsons Movie,58.581,The Simpsons Movie,7.0,"After Homer accidentally pollutes the town's water supply, Springfield is encased in a gigantic dome by the EPA and the Simpsons are declared fugitives.",2007-07-26
111,Himself,58ff12c2c3a368539f00601f,/m7HxQu1CC82mYCTiabOdOja91Iw.jpg,454330,True,3,False,,[],en,Saturday Night Live: 15th Anniversary,1.948,Saturday Night Live: 15th Anniversary,8.0,"A TV special celebrating the 15th anniversary of Saturday Night Live. Before a celebrity audience, many of the former cast members and guest hosts return to perform their signature monologues and present a look back at some of the best comedy skits and musical numbers of the past 15 years.",1989-09-24
112,Self,5ec3007c4e52ed002038a723,,705899,False,0,False,,[10402],en,We Are One: The Obama Inaugural Celebration at the Lincoln Memorial,3.601,We Are One: The Obama Inaugural Celebration at the Lincoln Memorial,0.0,"A public celebration of the then forthcoming inauguration of Barack Obama as the 44th President of the United States at the Lincoln Memorial and the National Mall in Washington, D.C., on January 18, 2009. By some estimates the attendance was over 400,000.",2009-01-18
113,Himself,544a2c5a0e0a267480003bb5,,298859,True,2,False,,[99],en,All In,3.527,All In,5.3,"A behind-the-scenes look at the team and event that made history.  The DVD chronicles the Rider's incredible run to the 101st Grey Cup Championship game and their historic victory on home soil.  This 70 minute feature takes you behind the scenes of the Roughrider's 2013 season, the Grey Cup Championship Game, the Grey Cup Festival and the aftermath of one of the greatest moments in Roughrider history.  Insightful interviews get you up close and personal with General Manager Brendan Taman, Head Coach Corey Chamblin, broadcasters, event crews and the players that made it all happen.",2014-05-27
114,Himself,59e392f99251410b6700032c,,40196,False,6,False,,"[99, 10402]",en,America: A Tribute to Heroes,4.366,America: A Tribute to Heroes,6.0,"A benefit concert and telethon organized by George Clooney and broadcast uninterrupted and commercial-free by the four major television networks just 10 days after the September 11, 2001 attacks on the World Trade Center and The Pentagon to raise money for the victims and their families,",2001-09-21
115,Woody Car (voice),550da08dc3a368487d006282,/qa6HCwP4Z15l3hpsASz3auugEW6.jpg,920,False,9885,False,/sd4xN5xi8tKRPrJOWwNiZEile7f.jpg,"[16, 12, 35, 10751]",en,Cars,26.599,Cars,6.8,"Lightning McQueen, a hotshot rookie race car driven to succeed, discovers that life is about the journey, not the finish line, when he finds himself unexpectedly detoured in the sleepy Route 66 town of Radiator Springs. On route across the country to the big Piston Cup Championship in California to compete against two seasoned pros, McQueen gets to know the town's offbeat characters.",2006-06-08
116,,59e392f79251410b670002c4,/maUbhufh8qw44vg2rYnQcozpd2l.jpg,32694,False,4,False,,"[35, 99]",en,The Rutles 2: Can't Buy Me Lunch,3.618,The Rutles 2: Can't Buy Me Lunch,7.4,"Twenty-three years after the release of the original Beatles mockumentary, 'The Rutles: All You Need Is Cash', famous artists, actors and musicians speak out on how The Rutles influenced them.",2002-01-01
117,Himself (archive footage),5dd3b664356a715875e9eed6,/3RttUhiOHu1qFkmvYPdJOo1PJk5.jpg,558912,False,5,False,,[99],en,Beyond Boundaries: The Harvey Weinstein Scandal,4.359,Beyond Boundaries: The Harvey Weinstein Scandal,6.2,"Examine the rise and fall of Hollywood media mogul Harvey Weinstein following the scandal in 2017. Learn from exclusive interviews with those who knew him in the industry, and a discussion of the start of the #MeToo movement.",2018-08-21
118,Self (archive footage) (uncredited),5f5aa8efec0c580038a462e8,/PbyRPCseO3avaqj9YaxmGnHNvH.jpg,1165,False,804,False,/7HmIVY3drZ3KSugRcyazn1Wf3U9.jpg,[18],en,The Queen,14.427,The Queen,7.0,"The Queen is an intimate behind the scenes glimpse at the interaction between HM Elizabeth II and Prime Minister Tony Blair during their struggle, following the death of Diana, to reach a compromise between what was a private tragedy for the Royal family and the public's demand for an overt display of mourning.",2006-09-15
119,Himself - Host,5cb28f639251411ed620788c,/yvVW8X56vjGWEP7zLJyLWK19mk8.jpg,31107,True,12,False,/q1VtWiZlmI6bYmgpH8iomBIWd9w.jpg,[10402],en,The 25th Anniversary Rock and Roll Hall of Fame Concerts,6.199,The 25th Anniversary Rock and Roll Hall of Fame Concerts,8.3,"Featuring performances from two groundbreaking concerts held at the Madison Square Garden to celebrate a quarter century of the Rock and Roll Hall of Fame. The special is anchored by iconic musicians that include Jeff Beck Band, Crosby, Stills & Nash, Aretha Franklin, Metallica, Paul Simon, Simon & Garfunkel, Bruce Springsteen & the E Street Band, U2 and Stevie Wonder, among others.",2009-11-29
120,(voice),5f7cd9a48741c40038821fe3,/6eehp9I54syN3x753XMqjKz8M3F.jpg,1858,False,7961,False,/77P56ZcL8M9Cw7FIptMIGjhNJoj.jpg,"[28, 12, 878]",en,Transformers,8.171,Transformers,6.7,"Young teenager, Sam Witwicky becomes involved in the ancient struggle between two extraterrestrial factions of transforming robots – the heroic Autobots and the evil Decepticons. Sam holds the clue to unimaginable power and the Decepticons will stop at nothing to retrieve it.",2007-06-27
